{"nm":"Try Again","ddd":0,"h":512,"w":512,"meta":{"g":"@lottiefiles/toolkit-js 0.26.1"},"layers":[{"ty":4,"nm":"Layer 3 Outlines","sr":1,"st":0,"op":450,"ip":0,"hd":false,"ddd":0,"bm":0,"hasMask":false,"ao":0,"ks":{"a":{"a":0,"k":[256,314.669,0],"ix":1},"s":{"a":1,"k":[{"o":{"x":0.167,"y":0.167},"i":{"x":0.833,"y":0.833},"s":[0,0,100],"t":30},{"s":[100,100,100],"t":38.5}],"ix":6},"sk":{"a":0,"k":0},"p":{"a":0,"k":[256,314.669,0],"ix":2},"r":{"a":0,"k":0,"ix":10},"sa":{"a":0,"k":0},"o":{"a":0,"k":100,"ix":11}},"ef":[{"ty":0,"mn":"ADBE Slider Control","nm":"Amplitude","ix":1,"en":1,"ef":[{"ty":0,"mn":"ADBE Slider Control-0001","nm":"Slider","ix":1,"v":{"a":0,"k":3,"ix":1}}]},{"ty":0,"mn":"ADBE Slider Control","nm":"Frequency","ix":2,"en":1,"ef":[{"ty":0,"mn":"ADBE Slider Control-0001","nm":"Slider","ix":1,"v":{"a":0,"k":2.5,"ix":1}}]},{"ty":0,"mn":"ADBE Slider Control","nm":"Decay","ix":3,"en":1,"ef":[{"ty":0,"mn":"ADBE Slider Control-0001","nm":"Slider","ix":1,"v":{"a":0,"k":5,"ix":1}}]}],"shapes":[{"ty":"gr","bm":0,"hd":false,"mn":"ADBE Vector Group","nm":"Group 1","ix":1,"cix":2,"np":3,"it":[{"ty":"sh","bm":0,"hd":false,"mn":"ADBE Vector Shape - Group","nm":"Path 1","ix":1,"d":1,"ks":{"a":0,"k":{"c":true,"i":[[4.753,0.004],[-0.122,4.039],[-4.559,-0.014],[0.031,-3.637]],"o":[[-4.836,-0.004],[0.112,-3.729],[4.237,0.014],[-0.034,3.987]],"v":[[-0.044,7.47],[-8.87,-0.097],[0.391,-7.46],[8.96,-0.024]]},"ix":2}},{"ty":"st","bm":0,"hd":false,"mn":"ADBE Vector Graphic - Stroke","nm":"Stroke 1","lc":1,"lj":1,"ml":10,"o":{"a":0,"k":100,"ix":4},"w":{"a":0,"k":1,"ix":5},"c":{"a":0,"k":[0.0549,0,0.451],"ix":3}},{"ty":"fl","bm":0,"hd":false,"mn":"ADBE Vector Graphic - Fill","nm":"Fill 1","c":{"a":0,"k":[1,1,1],"ix":4},"r":1,"o":{"a":0,"k":100,"ix":5}},{"ty":"tr","a":{"a":0,"k":[0,0],"ix":1},"s":{"a":0,"k":[100,100],"ix":3},"sk":{"a":0,"k":0,"ix":4},"p":{"a":0,"k":[455.324,339.988],"ix":2},"r":{"a":0,"k":0,"ix":6},"sa":{"a":0,"k":0,"ix":5},"o":{"a":0,"k":100,"ix":7}}]},{"ty":"gr","bm":0,"hd":false,"mn":"ADBE Vector Group","nm":"Group 2","ix":2,"cix":2,"np":3,"it":[{"ty":"sh","bm":0,"hd":false,"mn":"ADBE Vector Shape - Group","nm":"Path 1","ix":1,"d":1,"ks":{"a":0,"k":{"c":true,"i":[[0,0],[-6.436,-0.475],[2.258,-12.861],[3.659,0.266]],"o":[[6.027,0.444],[-2.227,12.672],[-4.012,-0.293],[0,0]],"v":[[-9.022,-19.59],[9.021,-18.26],[2.372,19.59],[-9.022,18.758]]},"ix":2}},{"ty":"st","bm":0,"hd":false,"mn":"ADBE Vector Graphic - Stroke","nm":"Stroke 1","lc":1,"lj":1,"ml":10,"o":{"a":0,"k":100,"ix":4},"w":{"a":0,"k":1,"ix":5},"c":{"a":0,"k":[0.0549,0,0.451],"ix":3}},{"ty":"fl","bm":0,"hd":false,"mn":"ADBE Vector Graphic - Fill","nm":"Fill 1","c":{"a":0,"k":[1,1,1],"ix":4},"r":1,"o":{"a":0,"k":100,"ix":5}},{"ty":"tr","a":{"a":0,"k":[0,0],"ix":1},"s":{"a":0,"k":[100,100],"ix":3},"sk":{"a":0,"k":0,"ix":4},"p":{"a":0,"k":[459.752,306.977],"ix":2},"r":{"a":0,"k":0,"ix":6},"sa":{"a":0,"k":0,"ix":5},"o":{"a":0,"k":100,"ix":7}}]},{"ty":"gr","bm":0,"hd":false,"mn":"ADBE Vector Group","nm":"Group 3","ix":3,"cix":2,"np":3,"it":[{"ty":"sh","bm":0,"hd":false,"mn":"ADBE Vector Shape - Group","nm":"Path 1","ix":1,"d":1,"ks":{"a":0,"k":{"c":true,"i":[[-11.028,0.81],[-0.834,-4.509],[6.31,-0.519],[-0.636,-14.316],[6.15,-1.14],[0,0],[4.162,-0.329],[0.004,0.286],[-11.661,0.875]],"o":[[0.912,4.926],[-5.497,0.452],[0.605,13.641],[-5.356,0.993],[0,0],[-4.852,0.385],[-0.375,-0.809],[-0.181,-12.017],[10.592,-0.795]],"v":[[20.692,-29.766],[23.185,-16.298],[6.285,-14.906],[8.127,26.59],[-9,29.766],[-9,-14.174],[-22.383,-13.116],[-23.004,-14.492],[-11.523,-27.397]]},"ix":2}},{"ty":"st","bm":0,"hd":false,"mn":"ADBE Vector Graphic - Stroke","nm":"Stroke 1","lc":1,"lj":1,"ml":10,"o":{"a":0,"k":100,"ix":4},"w":{"a":0,"k":1,"ix":5},"c":{"a":0,"k":[0.0549,0,0.451],"ix":3}},{"ty":"fl","bm":0,"hd":false,"mn":"ADBE Vector Graphic - Fill","nm":"Fill 1","c":{"a":0,"k":[1,1,1],"ix":4},"r":1,"o":{"a":0,"k":100,"ix":5}},{"ty":"tr","a":{"a":0,"k":[0,0],"ix":1},"s":{"a":0,"k":[100,100],"ix":3},"sk":{"a":0,"k":0,"ix":4},"p":{"a":0,"k":[66.269,311.646],"ix":2},"r":{"a":0,"k":0,"ix":6},"sa":{"a":0,"k":0,"ix":5},"o":{"a":0,"k":100,"ix":7}}]},{"ty":"gr","bm":0,"hd":false,"mn":"ADBE Vector Group","nm":"Group 4","ix":4,"cix":2,"np":5,"it":[{"ty":"sh","bm":0,"hd":false,"mn":"ADBE Vector Shape - Group","nm":"Path 1","ix":1,"d":1,"ks":{"a":0,"k":{"c":true,"i":[[0,-3.706],[-1.663,1.623],[0.496,1.97],[3.076,-0.87],[0.269,-1.429]],"o":[[2.651,-1.343],[2.159,-2.108],[-1.003,-3.985],[-1.352,0.381],[-0.508,2.711]],"v":[[-7.68,-4.21],[-0.788,-7.857],[4.157,-15.255],[-4.336,-17.194],[-7.534,-13.5]]},"ix":2}},{"ty":"sh","bm":0,"hd":false,"mn":"ADBE Vector Shape - Group","nm":"Path 2","ix":2,"d":1,"ks":{"a":0,"k":{"c":true,"i":[[3.472,-3.02],[-5.454,-6.342],[4.797,-3.665],[6.299,8.301],[0,0],[5.433,-1.146],[-0.11,7.114],[-0.166,10.313],[-1.001,0.116],[-8.922,0.369],[-2.147,-5.408],[3.712,-4.241]],"o":[[4.958,5.764],[-4.381,3.346],[-5.724,-7.544],[0,0],[-4.761,1.004],[0.411,-7.745],[0.159,-10.314],[0.021,-1.283],[8.875,-1.025],[5.442,-0.226],[2.138,5.389],[-2.48,2.834]],"v":[[7.633,0.966],[23.012,18.852],[9.557,29.133],[-8.081,5.886],[-8.081,26.409],[-23.012,29.556],[-21.9,7.591],[-21.855,-23.356],[-19.348,-27.01],[7.355,-29.331],[19.891,-21.973],[16.766,-7.106]]},"ix":2}},{"ty":"mm","bm":0,"hd":false,"mn":"ADBE Vector Filter - Merge","nm":"Merge Paths 1","mm":1},{"ty":"st","bm":0,"hd":false,"mn":"ADBE Vector Graphic - Stroke","nm":"Stroke 1","lc":1,"lj":1,"ml":10,"o":{"a":0,"k":100,"ix":4},"w":{"a":0,"k":1,"ix":5},"c":{"a":0,"k":[0.0549,0,0.451],"ix":3}},{"ty":"fl","bm":0,"hd":false,"mn":"ADBE Vector Graphic - Fill","nm":"Fill 1","c":{"a":0,"k":[1,1,1],"ix":4},"r":1,"o":{"a":0,"k":100,"ix":5}},{"ty":"tr","a":{"a":0,"k":[0,0],"ix":1},"s":{"a":0,"k":[100,100],"ix":3},"sk":{"a":0,"k":0,"ix":4},"p":{"a":0,"k":[115.047,311.635],"ix":2},"r":{"a":0,"k":0,"ix":6},"sa":{"a":0,"k":0,"ix":5},"o":{"a":0,"k":100,"ix":7}}]},{"ty":"gr","bm":0,"hd":false,"mn":"ADBE Vector Group","nm":"Group 5","ix":5,"cix":2,"np":3,"it":[{"ty":"sh","bm":0,"hd":false,"mn":"ADBE Vector Shape - Group","nm":"Path 1","ix":1,"d":1,"ks":{"a":0,"k":{"c":true,"i":[[0,0],[-0.871,17.784],[5.908,-0.764],[0,0],[0.739,-0.096],[3.449,11.455],[6.067,-0.814],[0,0],[-4.981,0.987],[0,0],[0,0]],"o":[[0.888,-18.12],[-5.382,0.696],[0,0],[-0.738,0.098],[-3.279,-10.893],[-5.175,0.695],[0,0],[4.798,-0.952],[0,0],[0,0],[0,0]],"v":[[20.123,23.997],[22.745,-29.516],[6.236,-27.382],[6.236,3.021],[4.02,3.313],[-5.987,-29.929],[-22.745,-27.68],[-22.745,29.929],[-8.204,27.046],[-8.204,7.641],[3.349,25.639]]},"ix":2}},{"ty":"st","bm":0,"hd":false,"mn":"ADBE Vector Graphic - Stroke","nm":"Stroke 1","lc":1,"lj":1,"ml":10,"o":{"a":0,"k":100,"ix":4},"w":{"a":0,"k":1,"ix":5},"c":{"a":0,"k":[0.0549,0,0.451],"ix":3}},{"ty":"fl","bm":0,"hd":false,"mn":"ADBE Vector Graphic - Fill","nm":"Fill 1","c":{"a":0,"k":[1,1,1],"ix":4},"r":1,"o":{"a":0,"k":100,"ix":5}},{"ty":"tr","a":{"a":0,"k":[0,0],"ix":1},"s":{"a":0,"k":[100,100],"ix":3},"sk":{"a":0,"k":0,"ix":4},"p":{"a":0,"k":[418.762,316.126],"ix":2},"r":{"a":0,"k":0,"ix":6},"sa":{"a":0,"k":0,"ix":5},"o":{"a":0,"k":100,"ix":7}}]},{"ty":"gr","bm":0,"hd":false,"mn":"ADBE Vector Group","nm":"Group 6","ix":6,"cix":2,"np":3,"it":[{"ty":"sh","bm":0,"hd":false,"mn":"ADBE Vector Shape - Group","nm":"Path 1","ix":1,"d":1,"ks":{"a":0,"k":{"c":true,"i":[[0,0],[-5.243,0.656],[0.802,-18.23],[5.034,-0.983]],"o":[[5.936,-0.743],[-0.782,17.766],[-4.213,0.823],[0,0]],"v":[[-8.13,-26.132],[8.13,-28.167],[5.77,25.453],[-8.13,28.167]]},"ix":2}},{"ty":"st","bm":0,"hd":false,"mn":"ADBE Vector Graphic - Stroke","nm":"Stroke 1","lc":1,"lj":1,"ml":10,"o":{"a":0,"k":100,"ix":4},"w":{"a":0,"k":1,"ix":5},"c":{"a":0,"k":[0.0549,0,0.451],"ix":3}},{"ty":"fl","bm":0,"hd":false,"mn":"ADBE Vector Graphic - Fill","nm":"Fill 1","c":{"a":0,"k":[1,1,1],"ix":4},"r":1,"o":{"a":0,"k":100,"ix":5}},{"ty":"tr","a":{"a":0,"k":[0,0],"ix":1},"s":{"a":0,"k":[100,100],"ix":3},"sk":{"a":0,"k":0,"ix":4},"p":{"a":0,"k":[380.834,315.719],"ix":2},"r":{"a":0,"k":0,"ix":6},"sa":{"a":0,"k":0,"ix":5},"o":{"a":0,"k":100,"ix":7}}]},{"ty":"gr","bm":0,"hd":false,"mn":"ADBE Vector Group","nm":"Group 7","ix":7,"cix":2,"np":3,"it":[{"ty":"sh","bm":0,"hd":false,"mn":"ADBE Vector Shape - Group","nm":"Path 1","ix":1,"d":1,"ks":{"a":0,"k":{"c":true,"i":[[8.466,-18.783],[5.647,0.48],[-1.618,4.746],[0.821,1.792],[5.078,10.452],[-5.912,2.107],[-1.72,-6.847],[0,0],[-2.174,5.637],[-2.879,-0.605],[-4.358,-0.541]],"o":[[-4.049,-0.345],[2.125,-4.993],[0.648,-1.902],[-4.614,-10.065],[6.131,-2.184],[1.839,7.32],[0,0],[2.278,-5.597],[0.89,-2.308],[4.166,0.874],[-8.402,18.641]],"v":[[-0.874,29.301],[-15.344,28.071],[-9.396,13.788],[-9.558,7.449],[-24.206,-22.977],[-6.452,-29.301],[-1.173,-8.289],[-0.14,-8.303],[6.659,-25.108],[11.388,-28.022],[24.206,-26.34]]},"ix":2}},{"ty":"st","bm":0,"hd":false,"mn":"ADBE Vector Graphic - Stroke","nm":"Stroke 1","lc":1,"lj":1,"ml":10,"o":{"a":0,"k":100,"ix":4},"w":{"a":0,"k":1,"ix":5},"c":{"a":0,"k":[0.0549,0,0.451],"ix":3}},{"ty":"fl","bm":0,"hd":false,"mn":"ADBE Vector Graphic - Fill","nm":"Fill 1","c":{"a":0,"k":[1,1,1],"ix":4},"r":1,"o":{"a":0,"k":100,"ix":5}},{"ty":"tr","a":{"a":0,"k":[0,0],"ix":1},"s":{"a":0,"k":[100,100],"ix":3},"sk":{"a":0,"k":0,"ix":4},"p":{"a":0,"k":[163.107,312.134],"ix":2},"r":{"a":0,"k":0,"ix":6},"sa":{"a":0,"k":0,"ix":5},"o":{"a":0,"k":100,"ix":7}}]},{"ty":"gr","bm":0,"hd":false,"mn":"ADBE Vector Group","nm":"Group 8","ix":8,"cix":2,"np":5,"it":[{"ty":"sh","bm":0,"hd":false,"mn":"ADBE Vector Shape - Group","nm":"Path 1","ix":1,"d":1,"ks":{"a":0,"k":{"c":true,"i":[[1.493,7.721],[0.247,0.019],[1.507,-8.076],[0,0]],"o":[[-0.247,-0.018],[-1.441,7.725],[0,0],[-1.552,-8.029]],"v":[[0.233,-14.082],[-0.508,-14.136],[-4.897,9.389],[4.77,9.389]]},"ix":2}},{"ty":"sh","bm":0,"hd":false,"mn":"ADBE Vector Shape - Group","nm":"Path 2","ix":2,"d":1,"ks":{"a":0,"k":{"c":true,"i":[[-4.084,0.381],[-4.69,-18.437],[5.206,-1.013],[15.003,-2.118],[0.857,-3.483],[5.399,1.143],[-3.553,12.559],[-0.467,2.106],[-8.856,0.845]],"o":[[4.712,18.523],[-5.001,0.974],[-3.946,-11.582],[-0.703,2.861],[-5.735,-1.214],[3.72,-13.065],[0.587,-2.074],[1.963,-8.853],[4.425,-0.423]],"v":[[11.087,-29.441],[25.059,25.484],[9.571,28.498],[-6.201,20.094],[-8.5,29.441],[-25.058,25.935],[-14.201,-12.241],[-12.66,-18.527],[-1.849,-28.231]]},"ix":2}},{"ty":"mm","bm":0,"hd":false,"mn":"ADBE Vector Filter - Merge","nm":"Merge Paths 1","mm":1},{"ty":"st","bm":0,"hd":false,"mn":"ADBE Vector Graphic - Stroke","nm":"Stroke 1","lc":1,"lj":1,"ml":10,"o":{"a":0,"k":100,"ix":4},"w":{"a":0,"k":1,"ix":5},"c":{"a":0,"k":[0.0549,0,0.451],"ix":3}},{"ty":"fl","bm":0,"hd":false,"mn":"ADBE Vector Graphic - Fill","nm":"Fill 1","c":{"a":0,"k":[1,1,1],"ix":4},"r":1,"o":{"a":0,"k":100,"ix":5}},{"ty":"tr","a":{"a":0,"k":[0,0],"ix":1},"s":{"a":0,"k":[100,100],"ix":3},"sk":{"a":0,"k":0,"ix":4},"p":{"a":0,"k":[233.78,313.672],"ix":2},"r":{"a":0,"k":0,"ix":6},"sa":{"a":0,"k":0,"ix":5},"o":{"a":0,"k":100,"ix":7}}]},{"ty":"gr","bm":0,"hd":false,"mn":"ADBE Vector Group","nm":"Group 9","ix":9,"cix":2,"np":5,"it":[{"ty":"sh","bm":0,"hd":false,"mn":"ADBE Vector Shape - Group","nm":"Path 1","ix":1,"d":1,"ks":{"a":0,"k":{"c":true,"i":[[1.463,7.392],[0.259,0.019],[1.454,-7.772],[0,0]],"o":[[-0.26,-0.019],[-1.402,7.491],[0,0],[-1.566,-7.915]],"v":[[0.099,-13.798],[-0.681,-13.855],[-4.937,8.899],[4.591,8.899]]},"ix":2}},{"ty":"sh","bm":0,"hd":false,"mn":"ADBE Vector Shape - Group","nm":"Path 2","ix":2,"d":1,"ks":{"a":0,"k":{"c":true,"i":[[-5.168,0.539],[-4.715,-18.566],[4.573,-0.874],[6.94,0.384],[-0.232,-8.456],[5.08,1.07],[-3.704,15.791],[-4.484,0.227]],"o":[[4.694,18.484],[-4.999,0.956],[-3.955,-2.587],[-7.623,-0.421],[-6.133,-1.293],[4.315,-16.024],[1.172,-4.995],[5.121,-0.258]],"v":[[10.948,-29.52],[24.923,25.507],[10.078,28.345],[3.087,18.877],[-8.273,29.521],[-24.922,26.012],[-12.359,-21.399],[-4.437,-27.979]]},"ix":2}},{"ty":"mm","bm":0,"hd":false,"mn":"ADBE Vector Filter - Merge","nm":"Merge Paths 1","mm":1},{"ty":"st","bm":0,"hd":false,"mn":"ADBE Vector Graphic - Stroke","nm":"Stroke 1","lc":1,"lj":1,"ml":10,"o":{"a":0,"k":100,"ix":4},"w":{"a":0,"k":1,"ix":5},"c":{"a":0,"k":[0.0549,0,0.451],"ix":3}},{"ty":"fl","bm":0,"hd":false,"mn":"ADBE Vector Graphic - Fill","nm":"Fill 1","c":{"a":0,"k":[1,1,1],"ix":4},"r":1,"o":{"a":0,"k":100,"ix":5}},{"ty":"tr","a":{"a":0,"k":[0,0],"ix":1},"s":{"a":0,"k":[100,100],"ix":3},"sk":{"a":0,"k":0,"ix":4},"p":{"a":0,"k":[342.92,315.31],"ix":2},"r":{"a":0,"k":0,"ix":6},"sa":{"a":0,"k":0,"ix":5},"o":{"a":0,"k":100,"ix":7}}]},{"ty":"gr","bm":0,"hd":false,"mn":"ADBE Vector Group","nm":"Group 10","ix":10,"cix":2,"np":3,"it":[{"ty":"sh","bm":0,"hd":false,"mn":"ADBE Vector Shape - Group","nm":"Path 1","ix":1,"d":1,"ks":{"a":0,"k":{"c":true,"i":[[-4.441,-5.359],[2.73,-2.518],[5.699,-5.019],[-2.501,-6.968],[-4.57,-0.443],[-3.605,4.695],[-0.91,1.971],[5.743,-0.82],[-0.241,3.367],[-9.971,1.321],[8.273,-7.117],[8.792,10.465],[-2.69,9.66],[-13.698,-1.616]],"o":[[-3.136,2.893],[-8.362,-4.234],[-6.47,5.697],[1.686,4.694],[5.886,0.57],[0.87,-1.133],[-5.48,0.782],[0.242,-3.398],[9.877,-1.308],[1.381,11.96],[-11.281,9.705],[-6.88,-8.189],[4.205,-15.101],[6.154,0.725]],"v":[[21.756,-21.925],[13.111,-13.949],[-5.728,-12.862],[-12.673,9.718],[-2.829,16.945],[11.538,10.561],[13.714,5.959],[-2.391,8.257],[-1.686,-1.645],[27.51,-5.513],[15.828,22.414],[-21.992,20.823],[-26.201,-6.553],[5.867,-30.503]]},"ix":2}},{"ty":"st","bm":0,"hd":false,"mn":"ADBE Vector Graphic - Stroke","nm":"Stroke 1","lc":1,"lj":1,"ml":10,"o":{"a":0,"k":100,"ix":4},"w":{"a":0,"k":1,"ix":5},"c":{"a":0,"k":[0.0549,0,0.451],"ix":3}},{"ty":"fl","bm":0,"hd":false,"mn":"ADBE Vector Graphic - Fill","nm":"Fill 1","c":{"a":0,"k":[1,1,1],"ix":4},"r":1,"o":{"a":0,"k":100,"ix":5}},{"ty":"tr","a":{"a":0,"k":[0,0],"ix":1},"s":{"a":0,"k":[100,100],"ix":3},"sk":{"a":0,"k":0,"ix":4},"p":{"a":0,"k":[288.577,315.228],"ix":2},"r":{"a":0,"k":0,"ix":6},"sa":{"a":0,"k":0,"ix":5},"o":{"a":0,"k":100,"ix":7}}]}],"ind":1},{"ty":4,"nm":"Layer 2 Outlines","sr":1,"st":0,"op":450,"ip":0,"hd":false,"ddd":0,"bm":0,"hasMask":false,"ao":0,"ks":{"a":{"a":0,"k":[256.839,378.218,0],"ix":1},"s":{"a":1,"k":[{"o":{"x":0.167,"y":0.167},"i":{"x":0.833,"y":0.833},"s":[0,0,100],"t":15},{"s":[100,100,100],"t":23.5}],"ix":6},"sk":{"a":0,"k":0},"p":{"a":0,"k":[256.839,378.218,0],"ix":2},"r":{"a":1,"k":[{"o":{"x":0.167,"y":0.167},"i":{"x":0.833,"y":0.833},"s":[133],"t":15},{"s":[0],"t":23.5}],"ix":10},"sa":{"a":0,"k":0},"o":{"a":0,"k":100,"ix":11}},"ef":[{"ty":0,"mn":"ADBE Slider Control","nm":"Amplitude","ix":1,"en":1,"ef":[{"ty":0,"mn":"ADBE Slider Control-0001","nm":"Slider","ix":1,"v":{"a":0,"k":3,"ix":1}}]},{"ty":0,"mn":"ADBE Slider Control","nm":"Frequency","ix":2,"en":1,"ef":[{"ty":0,"mn":"ADBE Slider Control-0001","nm":"Slider","ix":1,"v":{"a":0,"k":2.5,"ix":1}}]},{"ty":0,"mn":"ADBE Slider Control","nm":"Decay","ix":3,"en":1,"ef":[{"ty":0,"mn":"ADBE Slider Control-0001","nm":"Slider","ix":1,"v":{"a":0,"k":5,"ix":1}}]}],"shapes":[{"ty":"gr","bm":0,"hd":false,"mn":"ADBE Vector Group","nm":"Group 1","ix":1,"cix":2,"np":4,"it":[{"ty":"sh","bm":0,"hd":false,"mn":"ADBE Vector Shape - Group","nm":"Path 1","ix":1,"d":1,"ks":{"a":0,"k":{"c":true,"i":[[0.223,1.562],[-1.561,0],[-0.446,-0.446],[0,0],[0.224,-1.784],[1.562,0],[1.339,0.224],[0,1.562]],"o":[[2.9,-0.446],[1.786,0],[0,0],[0,2.231],[-2.008,0.224],[-1.562,0],[0.223,-1.561],[0,-1.562]],"v":[[-4.853,9.874],[1.84,9.204],[5.188,9.874],[5.188,13.221],[4.853,19.245],[-0.502,19.58],[-4.853,19.245],[-4.519,14.56]]},"ix":2}},{"ty":"sh","bm":0,"hd":false,"mn":"ADBE Vector Shape - Group","nm":"Path 2","ix":2,"d":1,"ks":{"a":0,"k":{"c":true,"i":[[1.339,16.067],[-1.561,0],[-1.339,-0.446],[0.224,-4.463],[0.223,-4.463],[1.338,0],[0.892,-0.446]],"o":[[2.231,-0.446],[1.786,0],[0,2.902],[-0.446,5.578],[-1.339,-0.446],[-1.116,0],[0,-1.339]],"v":[[-5.188,-18.911],[0.501,-19.58],[5.188,-18.911],[4.853,-7.865],[3.849,7.196],[-0.167,6.526],[-3.18,7.196]]},"ix":2}},{"ty":"mm","bm":0,"hd":false,"mn":"ADBE Vector Filter - Merge","nm":"Merge Paths 1","mm":1},{"ty":"fl","bm":0,"hd":false,"mn":"ADBE Vector Graphic - Fill","nm":"Fill 1","c":{"a":0,"k":[1,1,1],"ix":4},"r":1,"o":{"a":0,"k":100,"ix":5}},{"ty":"tr","a":{"a":0,"k":[0,0],"ix":1},"s":{"a":0,"k":[100,100],"ix":3},"sk":{"a":0,"k":0,"ix":4},"p":{"a":0,"k":[330.372,254.271],"ix":2},"r":{"a":0,"k":0,"ix":6},"sa":{"a":0,"k":0,"ix":5},"o":{"a":0,"k":100,"ix":7}}]},{"ty":"gr","bm":0,"hd":false,"mn":"ADBE Vector Group","nm":"Group 2","ix":2,"cix":2,"np":2,"it":[{"ty":"sh","bm":0,"hd":false,"mn":"ADBE Vector Shape - Group","nm":"Path 1","ix":1,"d":1,"ks":{"a":0,"k":{"c":true,"i":[[1.115,4.648],[-5.615,0.056],[-0.892,-0.521],[-1.004,0],[-0.763,0.223],[-0.558,0.855],[0,0.745],[0.149,0.52],[2.212,0.205],[0.576,0],[0.688,-0.037],[0.464,0],[0,0],[2.511,2.176],[0,2.566],[-0.094,0.521],[-3.124,2.176],[-3.906,0],[0,0],[-3.347,-1.859],[-1.451,-3.273],[1.859,0],[0.168,0.038],[1.154,0.409],[0.93,0],[0.408,-0.056],[0.399,-0.539],[0,-0.706],[-0.131,-0.372],[-1.507,-0.502],[-1.655,-0.148],[-0.595,-0.074],[-1.636,-1.227],[0,-3.569],[3.328,-2.511],[4.574,-0.241],[0.465,0],[3.254,1.654]],"o":[[2.882,-0.539],[0.744,1.804],[1.097,0.335],[0.818,0],[0.724,-0.204],[0.595,-0.91],[0,-0.463],[-0.446,-1.507],[-0.428,-0.037],[-0.557,0],[-1.135,0.037],[0,0],[-3.311,-0.112],[-2.287,-1.989],[0,-0.483],[0.651,-4.035],[2.752,-1.914],[0,0],[3.868,0.037],[3.533,1.971],[-5.913,1.004],[-0.354,0],[-0.502,-0.873],[-0.874,-0.279],[-0.39,0],[-0.781,0.279],[-0.401,0.539],[0,0.335],[0.539,1.543],[0.892,0.168],[2.175,0.186],[3.384,0.409],[2.213,1.655],[0,4.11],[-3.013,2.287],[-0.484,0.019],[-3.96,0],[-3.979,-2.213]],"v":[[-18.13,8.242],[-5.384,7.349],[-2.929,10.836],[0.223,11.338],[2.594,11.003],[4.518,9.413],[5.411,6.93],[5.187,5.453],[1.199,2.887],[-0.308,2.831],[-2.176,2.887],[-4.574,2.943],[-4.909,2.943],[-13.64,-0.488],[-17.07,-7.322],[-16.931,-8.828],[-11.269,-18.144],[-1.283,-21.016],[-1.061,-21.016],[9.762,-18.172],[17.237,-10.306],[5.578,-8.8],[4.797,-8.856],[2.314,-10.78],[-0.391,-11.199],[-1.59,-11.115],[-3.361,-9.887],[-3.961,-8.019],[-3.766,-6.959],[-0.697,-3.891],[3.124,-3.417],[7.279,-3.026],[14.81,-0.572],[18.13,7.265],[13.137,17.195],[1.757,20.988],[0.334,21.016],[-10.488,18.534]]},"ix":2}},{"ty":"fl","bm":0,"hd":false,"mn":"ADBE Vector Graphic - Fill","nm":"Fill 1","c":{"a":0,"k":[1,1,1],"ix":4},"r":1,"o":{"a":0,"k":100,"ix":5}},{"ty":"tr","a":{"a":0,"k":[0,0],"ix":1},"s":{"a":0,"k":[100,100],"ix":3},"sk":{"a":0,"k":0,"ix":4},"p":{"a":0,"k":[305.059,253.114],"ix":2},"r":{"a":0,"k":0,"ix":6},"sa":{"a":0,"k":0,"ix":5},"o":{"a":0,"k":100,"ix":7}}]},{"ty":"gr","bm":0,"hd":false,"mn":"ADBE Vector Group","nm":"Group 3","ix":3,"cix":2,"np":4,"it":[{"ty":"sh","bm":0,"hd":false,"mn":"ADBE Vector Shape - Group","nm":"Path 1","ix":1,"d":1,"ks":{"a":0,"k":{"c":true,"i":[[0,-3.57],[0,0],[0,2.901],[3.57,0],[1.115,-0.223]],"o":[[0,0],[4.239,0],[-0.223,-2.677],[-1.115,0],[0.669,1.785]],"v":[[-3.515,-1.144],[-1.841,-1.144],[4.518,-5.495],[-1.172,-9.511],[-4.519,-9.177]]},"ix":2}},{"ty":"sh","bm":0,"hd":false,"mn":"ADBE Vector Shape - Group","nm":"Path 2","ix":2,"d":1,"ks":{"a":0,"k":{"c":true,"i":[[2.008,-0.298],[0,4.016],[1.116,9.148],[0,0],[-2.678,-5.132],[0,-1.785],[2.678,-2.009],[6.47,0],[0,0],[0,0],[0.446,-4.426],[1.154,0],[0.743,-0.074]],"o":[[0.223,-4.202],[0,-9.148],[0,0],[5.132,0],[1.115,2.232],[0,2.678],[-3.57,2.677],[0,0],[0,0],[0,3.347],[-1.302,-0.149],[-0.818,0],[-2.231,0]],"v":[[-16.233,19.887],[-15.898,7.558],[-17.572,-19.887],[4.183,-19.887],[15.898,-12.189],[17.572,-6.165],[13.555,0.865],[-1.506,4.881],[-3.18,4.881],[-3.18,7.893],[-3.85,19.552],[-7.532,19.328],[-9.874,19.44]]},"ix":2}},{"ty":"mm","bm":0,"hd":false,"mn":"ADBE Vector Filter - Merge","nm":"Merge Paths 1","mm":1},{"ty":"fl","bm":0,"hd":false,"mn":"ADBE Vector Graphic - Fill","nm":"Fill 1","c":{"a":0,"k":[1,1,1],"ix":4},"r":1,"o":{"a":0,"k":100,"ix":5}},{"ty":"tr","a":{"a":0,"k":[0,0],"ix":1},"s":{"a":0,"k":[100,100],"ix":3},"sk":{"a":0,"k":0,"ix":4},"p":{"a":0,"k":[268.198,253.686],"ix":2},"r":{"a":0,"k":0,"ix":6},"sa":{"a":0,"k":0,"ix":5},"o":{"a":0,"k":100,"ix":7}}]},{"ty":"gr","bm":0,"hd":false,"mn":"ADBE Vector Group","nm":"Group 4","ix":4,"cix":2,"np":4,"it":[{"ty":"sh","bm":0,"hd":false,"mn":"ADBE Vector Shape - Group","nm":"Path 1","ix":1,"d":1,"ks":{"a":0,"k":{"c":true,"i":[[-3.569,0],[-0.222,3.588],[0,0],[4.017,0],[0,-4.854],[-0.223,-1.284]],"o":[[3.348,-0.261],[0,0],[0,-5.373],[-4.017,0.261],[0,1.022],[0.67,3.588]],"v":[[0.335,8.535],[5.689,2.762],[5.689,0.083],[-0.335,-7.977],[-6.359,-0.306],[-6.025,3.152]]},"ix":2}},{"ty":"sh","bm":0,"hd":false,"mn":"ADBE Vector Shape - Group","nm":"Path 2","ix":2,"d":1,"ks":{"a":0,"k":{"c":true,"i":[[1.116,13.389],[0,0],[-3.123,3.348],[-4.463,0],[0,0],[-3.348,-3.347],[0,-5.801],[0,0],[10.487,0],[0,0]],"o":[[0,0],[0,-5.802],[2.902,-3.347],[0,0],[4.686,0.224],[3.569,3.57],[0,0],[-0.222,13.835],[0,0],[-10.71,-0.223]],"v":[[-17.07,0.167],[-17.07,-1.84],[-12.385,-15.564],[-1.339,-20.585],[-0.335,-20.585],[11.715,-15.229],[17.07,-1.172],[17.07,-0.168],[1.005,20.585],[0.669,20.585]]},"ix":2}},{"ty":"mm","bm":0,"hd":false,"mn":"ADBE Vector Filter - Merge","nm":"Merge Paths 1","mm":1},{"ty":"fl","bm":0,"hd":false,"mn":"ADBE Vector Graphic - Fill","nm":"Fill 1","c":{"a":0,"k":[1,1,1],"ix":4},"r":1,"o":{"a":0,"k":100,"ix":5}},{"ty":"tr","a":{"a":0,"k":[0,0],"ix":1},"s":{"a":0,"k":[100,100],"ix":3},"sk":{"a":0,"k":0,"ix":4},"p":{"a":0,"k":[231.28,253.266],"ix":2},"r":{"a":0,"k":0,"ix":6},"sa":{"a":0,"k":0,"ix":5},"o":{"a":0,"k":100,"ix":7}}]},{"ty":"gr","bm":0,"hd":false,"mn":"ADBE Vector Group","nm":"Group 5","ix":5,"cix":2,"np":4,"it":[{"ty":"sh","bm":0,"hd":false,"mn":"ADBE Vector Shape - Group","nm":"Path 1","ix":1,"d":1,"ks":{"a":0,"k":{"c":true,"i":[[-3.569,0],[-0.222,3.588],[0,0],[4.017,0],[0,-4.854],[-0.223,-1.284]],"o":[[3.348,-0.261],[0,0],[0,-5.373],[-4.017,0.261],[0,1.022],[0.67,3.588]],"v":[[0.335,8.535],[5.689,2.762],[5.689,0.083],[-0.335,-7.977],[-6.359,-0.306],[-6.025,3.152]]},"ix":2}},{"ty":"sh","bm":0,"hd":false,"mn":"ADBE Vector Shape - Group","nm":"Path 2","ix":2,"d":1,"ks":{"a":0,"k":{"c":true,"i":[[1.116,13.389],[0,0],[-3.123,3.348],[-4.463,0],[0,0],[-3.348,-3.347],[0,-5.801],[0,0],[10.487,0],[0,0]],"o":[[0,0],[0,-5.802],[2.902,-3.347],[0,0],[4.686,0.224],[3.569,3.57],[0,0],[-0.222,13.835],[0,0],[-10.71,-0.223]],"v":[[-17.07,0.167],[-17.07,-1.84],[-12.385,-15.564],[-1.339,-20.585],[-0.335,-20.585],[11.715,-15.229],[17.07,-1.172],[17.07,-0.168],[1.005,20.585],[0.669,20.585]]},"ix":2}},{"ty":"mm","bm":0,"hd":false,"mn":"ADBE Vector Filter - Merge","nm":"Merge Paths 1","mm":1},{"ty":"fl","bm":0,"hd":false,"mn":"ADBE Vector Graphic - Fill","nm":"Fill 1","c":{"a":0,"k":[1,1,1],"ix":4},"r":1,"o":{"a":0,"k":100,"ix":5}},{"ty":"tr","a":{"a":0,"k":[0,0],"ix":1},"s":{"a":0,"k":[100,100],"ix":3},"sk":{"a":0,"k":0,"ix":4},"p":{"a":0,"k":[194.865,253.266],"ix":2},"r":{"a":0,"k":0,"ix":6},"sa":{"a":0,"k":0,"ix":5},"o":{"a":0,"k":100,"ix":7}}]},{"ty":"gr","bm":0,"hd":false,"mn":"ADBE Vector Group","nm":"Group 6","ix":6,"cix":2,"np":4,"it":[{"ty":"sh","bm":0,"hd":false,"mn":"ADBE Vector Shape - Group","nm":"Path 1","ix":1,"d":1,"ks":{"a":0,"k":{"c":true,"i":[[0.032,0],[1.06,-1.025],[0,0],[-2.162,-2.236],[0,0],[-2.234,2.162],[0,0],[2.162,2.235],[0,0],[1.507,0.025]],"o":[[-1.471,0],[0,0],[-2.236,2.162],[0,0],[2.162,2.236],[0,0],[2.236,-2.162],[0,0],[-1.047,-1.083],[-0.033,-0.001]],"v":[[2.336,-107.939],[-1.582,-106.352],[-105.635,-5.741],[-105.769,2.234],[-5.157,106.289],[2.818,106.42],[106.871,5.81],[107.005,-2.165],[6.393,-106.219],[2.433,-107.938]]},"ix":2}},{"ty":"sh","bm":0,"hd":false,"mn":"ADBE Vector Shape - Group","nm":"Path 2","ix":2,"d":1,"ks":{"a":0,"k":{"c":true,"i":[[3.294,0],[0.073,0.002],[2.348,2.428],[0,0],[-5.01,4.845],[0,0],[-3.416,-0.07],[-2.347,-2.427],[0,0],[0.057,-3.376],[2.428,-2.346],[0,0]],"o":[[-0.072,0],[-3.376,-0.056],[0,0],[-4.845,-5.011],[0,0],[2.426,-2.347],[3.376,0.057],[0,0],[2.348,2.427],[-0.057,3.375],[0,0],[-2.375,2.295]],"v":[[-1.097,115.007],[-1.315,115.004],[-10.19,111.154],[-110.801,7.1],[-110.501,-10.773],[-6.448,-111.384],[2.551,-114.936],[11.426,-111.085],[112.037,-7.031],[115.589,1.967],[111.736,10.842],[7.684,111.454]]},"ix":2}},{"ty":"mm","bm":0,"hd":false,"mn":"ADBE Vector Filter - Merge","nm":"Merge Paths 1","mm":1},{"ty":"fl","bm":0,"hd":false,"mn":"ADBE Vector Graphic - Fill","nm":"Fill 1","c":{"a":0,"k":[1,1,1],"ix":4},"r":1,"o":{"a":0,"k":100,"ix":5}},{"ty":"tr","a":{"a":0,"k":[0,0],"ix":1},"s":{"a":0,"k":[100,100],"ix":3},"sk":{"a":0,"k":0,"ix":4},"p":{"a":0,"k":[256.221,255.966],"ix":2},"r":{"a":0,"k":0,"ix":6},"sa":{"a":0,"k":0,"ix":5},"o":{"a":0,"k":100,"ix":7}}]},{"ty":"gr","bm":0,"hd":false,"mn":"ADBE Vector Group","nm":"Group 7","ix":7,"cix":2,"np":2,"it":[{"ty":"sh","bm":0,"hd":false,"mn":"ADBE Vector Shape - Group","nm":"Path 1","ix":1,"d":1,"ks":{"a":0,"k":{"c":true,"i":[[8.315,-8.041],[0,0],[-8.04,-8.316],[0,0],[-8.315,8.041],[0,0],[8.041,8.316],[0,0]],"o":[[0,0],[-8.315,8.04],[0,0],[8.041,8.315],[0,0],[8.316,-8.04],[0,0],[-8.04,-8.315]],"v":[[-12.856,-116.331],[-115.834,-16.759],[-116.332,12.856],[-16.76,115.833],[12.855,116.331],[115.832,16.759],[116.331,-12.856],[16.758,-115.833]]},"ix":2}},{"ty":"fl","bm":0,"hd":false,"mn":"ADBE Vector Graphic - Fill","nm":"Fill 1","c":{"a":0,"k":[0.4,0.2,0.6],"ix":4},"r":1,"o":{"a":0,"k":100,"ix":5}},{"ty":"tr","a":{"a":0,"k":[0,0],"ix":1},"s":{"a":0,"k":[100,100],"ix":3},"sk":{"a":0,"k":0,"ix":4},"p":{"a":0,"k":[256.839,256],"ix":2},"r":{"a":0,"k":0,"ix":6},"sa":{"a":0,"k":0,"ix":5},"o":{"a":0,"k":100,"ix":7}}]}],"ind":2}],"v":"5.5.10","fr":30,"op":60,"ip":0,"assets":[]}